NO,{ݖ,Z,dbԍ,wً}ꏊƂ̏d,ЊQ΍{@{sߑQÔUTɋK肷w𖞂̂ł邩,zel,ܓx,ox,l
1,,쌧SPPQQ|P,087-892-2222,Z,,25,34.45999139,133.9955969,
2,z[@̈玺,쌧SUXU|P,087-892-2882,Z,,200,34.45952,133.995824,
3,ωYW,쌧SSVWQ|QP,087-892-2934,Z,,10,34.45156842,134.0005649,
4,nÂlވ琬Z^[,쌧SSVWO|PO,087-892-2222,Z,,100,34.45245264,133.9998577,
5,wZ,쌧SPTWO,087-892-3011,Z,,280,34.457867,133.98809,
6,wZ,쌧SPUOO,087-892-3007,Z,,140,34.45876678,133.9859749,
7,cw,쌧SPWSP|X,087-892-3018,Z,,60,34.4592034,133.9847597,
8,,쌧SQRPO|T,087-892-2885,Z,Z,180,34.459709,133.975462,
9,Z^[{,쌧SRUXS|P,087-892-2458,Z,,100,34.45708989,133.9789353,
10,Z^[,쌧SQPQR,087-892-3379,Z,,35,34.45235144,133.977139,
11,OH}eAВB̈,쌧SRWUX|P,087-892-2222,Z,,170,34.46541676,133.9772677,
12,W,쌧SQWWQ,087-892-2222,Z,,20,34.46325022,134.0003045,
13,W,쌧SSTTX|PT,087-892-2222,Z,,9,34.49846239,133.9730801,
